{"cameraMode":{"drawMode":0,"name":"Shaded","section":"Shading Mode"},"sceneLighting":false,"audioPlay":false,"sceneViewState":{"m_AlwaysRefresh":false,"showFog":true,"showSkybox":false,"showFlares":true,"showImageEffects":true,"showParticleSystems":true,"showVisualEffectGraphs":true,"m_FxEnabled":true},"in2DMode":false,"pivot":{"x":-3.3409690856933595,"y":-2.292210578918457,"z":-1.417738914489746},"rotation":{"x":-0.12091123312711716,"y":-0.8615196347236633,"z":0.42931920289993288,"w":-0.24263298511505128},"size":0.06062185764312744,"orthographic":false}