{"cameraMode":{"drawMode":0,"name":"Shaded","section":"Shading Mode"},"sceneLighting":true,"audioPlay":false,"sceneViewState":{"m_AlwaysRefresh":false,"showFog":true,"showSkybox":true,"showFlares":true,"showImageEffects":true,"showParticleSystems":true,"showVisualEffectGraphs":true,"m_FxEnabled":true},"in2DMode":false,"pivot":{"x":-10.557480812072754,"y":-0.6722780466079712,"z":0.3683111369609833},"rotation":{"x":0.060559678822755817,"y":-0.747677206993103,"z":0.06883266568183899,"w":0.6577190160751343},"size":7.591131210327148,"orthographic":false}